{
    "rmse": 0.7570815915353112,
    "mae": 0.6087019611786101,
    "r2": 0.19891328716478696
}