{
    "rmse": 0.7708009908383096,
    "mae": 0.6016152647425579,
    "r2": 0.17279591019438767
}